ticket_no,passport_no,flight_no,book_date
222,2252295396,LH586,2023-10-27
226,2283592982,LH586,2023-10-30
227,2286325238,LH586,2023-10-31
229,2295588457,LH586,2023-11-01
232,2328755336,LH586,2023-11-02
233,2335546342,LH586,2023-11-03
235,2335773385,LH586,2023-11-06
236,2347565765,LH586,2023-11-07
237,2353459876,LH586,2023-11-08
238,2382922852,LH586,2023-11-09
239,2447439384,LH586,2023-11-10
242,2453828595,LH586,2023-11-13
243,2463998398,LH586,2023-11-14
244,2523877429,LH586,2023-11-15
245,2535829596,LH586,2023-11-16
246,2555498976,LH586,2023-11-17
248,2635276349,LH586,2023-11-20
249,2648348953,LH586,2023-11-21
253,2674572237,LH586,2023-11-22
254,2686899866,LH586,2023-11-23
256,2724298754,LH586,2023-11-24
258,2728363359,LH586,2023-11-27
259,2747564776,LH586,2023-11-28
265,2749284536,LH586,2023-11-28
266,2749469593,LH586,2023-11-27
268,2762945453,LH586,2023-10-27
269,2764826498,LH586,2023-10-30
273,2773285673,LH586,2023-10-31
276,2787789457,LH586,2023-11-01
277,2832567477,LH586,2023-11-02
278,2839738325,AF568,2023-11-03
279,2844595857,AF568,2023-11-06
283,2892976634,AF568,2023-11-07
288,2922593887,AF568,2023-11-08
289,2947667352,AF568,2023-11-09
293,2956345993,AF568,2023-11-10
294,2959234696,AF568,2023-11-13
295,3258442443,AF568,2023-11-14
297,3259865689,AF568,2023-11-15
299,3274935229,AF568,2023-11-16
322,3275284847,AF568,2023-11-17
323,3288475294,AF568,2023-11-20
325,3345968595,AF568,2023-11-21
327,3424446763,AF568,2023-11-22
328,3449882282,AF568,2023-11-23
329,3522399854,AF568,2023-11-24
332,3522796642,AF568,2023-11-27
333,3565756995,AF568,2023-11-28
335,3626984258,AF568,2023-11-27
338,3635977824,AF568,2023-11-27
339,3639355687,AF568,2023-10-27
344,3666926388,AF568,2023-10-30
345,3698538489,AF568,2023-10-31
346,3742973539,AF568,2023-11-01
352,3748943442,AF568,2023-11-02
354,3772237436,AF568,2023-11-03
356,3775594333,AF568,2023-11-06
358,3834836835,AF568,2023-11-07
363,3837496798,AF568,2023-11-08
366,3845636933,AF568,2023-11-09
369,3848473468,LX238,2023-11-10
373,3896957555,LX238,2023-11-13
374,3897945276,LX238,2023-11-14
375,3936226835,LX238,2023-11-15
378,3977675334,LX238,2023-11-16
379,3979448924,LX238,2023-11-17
382,3985522757,LX238,2023-11-20
383,3986338888,LX238,2023-11-21
384,3987866894,LX238,2023-11-22
385,3989963958,LX238,2023-11-23
387,4224872334,LX238,2023-11-24
388,4226529867,LX238,2023-11-27
389,4226574923,LX238,2023-11-28
393,4229659453,LX238,2023-11-27
394,4237869933,LX238,2023-11-27
395,4272943933,LX238,2023-10-27
396,4275484462,LX238,2023-10-30
397,4282583398,LX238,2023-10-31
398,4284667858,LX238,2023-11-01
399,4325944875,LX238,2023-11-02
422,4332644299,LX238,2023-11-03
425,4339827945,LX238,2023-11-06
426,4343322574,LX238,2023-11-07
427,4355653375,LX238,2023-11-08
433,4374974334,LX238,2023-11-09
434,4422886842,LX238,2023-11-10
435,4426834682,LX238,2023-11-13
436,4438687828,LX238,2023-11-14
437,4452563658,LX238,2023-11-15
438,4484845979,LX238,2023-11-16
439,4544397867,TK692,2023-11-17
443,4553876858,TK692,2023-11-20
444,4633355548,TK692,2023-11-21
445,4642267586,TK692,2023-11-22
446,4645874298,TK692,2023-11-23
448,4675394848,TK692,2023-11-24
449,4738832259,TK692,2023-11-27
453,4739658926,TK692,2023-11-28
455,4754269574,TK692,2023-11-28
456,4793955829,TK692,2023-11-27
463,4822835897,TK692,2023-10-27
465,4852562395,TK692,2023-10-30
466,4853536689,TK692,2023-10-31
467,4868593725,TK692,2023-11-01
468,4869656699,TK692,2023-11-02
469,4892824494,TK692,2023-11-03
477,4924637784,TK692,2023-11-06
479,4978729297,TK692,2023-11-07
483,4982642432,TK692,2023-11-08
484,5258656556,TK692,2023-11-09
485,5282793343,TK692,2023-11-10
486,5324495724,TK692,2023-11-13
487,5332433337,TK692,2023-11-14
489,5353957944,TK692,2023-11-15
492,5387285678,TK692,2023-11-16
493,5396975762,TK692,2023-11-17
494,5398853575,TK692,2023-11-20
495,5399663589,TK692,2023-11-21
498,5443584855,TK692,2023-11-22
522,5443898654,TK692,2023-11-23
523,5462387973,MS985,2023-11-24
527,5479838989,MS985,2023-11-27
528,5488457393,MS985,2023-11-28
529,5542538383,MS985,2023-11-28
533,5598423646,MS985,2023-11-27
534,5627965586,MS985,2023-10-27
535,5655429452,MS985,2023-10-30
538,5672346259,MS985,2023-10-31
539,5672839764,MS985,2023-11-01
542,5684349335,MS985,2023-11-02
543,5687949549,MS985,2023-11-03
544,5755723699,MS985,2023-11-06
546,5767637726,MS985,2023-11-07
547,5787546627,MS985,2023-11-08
549,5828232397,MS985,2023-11-09
552,5833486889,MS985,2023-11-10
553,5856394474,MS985,2023-11-13
556,5858278272,MS985,2023-11-14
562,5874876773,MS985,2023-11-15
563,5969976282,MS985,2023-11-16
564,5977587788,MS985,2023-11-17
565,5978264624,MS985,2023-11-20
567,5987539796,MS985,2023-11-21
568,6228658389,MS985,2023-11-22
572,6274342626,MS985,2023-11-23
574,6274639784,MS985,2023-11-24
575,6284322463,MS985,2023-11-27
576,6288657624,MS985,2023-11-28
577,6294958898,MS985,2023-11-28
578,6345977489,MS985,2023-11-28
579,6349353247,TU814,2023-10-27
582,6352388493,TU814,2023-10-30
585,6358338897,TU814,2023-10-31
586,6393769684,TU814,2023-11-01
593,6438699325,TU814,2023-11-02
594,6524998596,TU814,2023-11-03
597,6547545828,TU814,2023-11-06
623,6556784686,TU814,2023-11-07
624,6562523289,TU814,2023-11-08
629,6572928323,TU814,2023-11-09
633,6575964548,TU814,2023-11-10
634,6579932285,TU814,2023-11-13
636,6636727769,TU814,2023-11-14
638,6638477369,TU814,2023-11-15
645,6679545869,TU814,2023-11-16
647,6686222732,TU814,2023-11-17
649,6692329373,TU814,2023-11-20
653,6695384675,TU814,2023-11-21
655,6722248354,TU814,2023-11-22
656,6722362727,TU814,2023-11-23
657,6726465589,TU814,2023-11-24
663,6753284337,TU814,2023-11-27
664,6775369328,TU814,2023-11-28
672,6783795682,TU814,2023-11-28
673,6799223285,TU814,2023-11-28
675,6823387754,TU814,2023-10-27
676,6823952372,TU814,2023-10-30
677,6894547225,TU814,2023-10-31
679,6922962455,TU814,2023-11-01
686,6938866936,TU814,2023-11-02
687,6989356576,SV309,2023-11-03
692,7238685893,SV309,2023-11-06
693,7239624477,SV309,2023-11-07
694,7246583845,SV309,2023-11-08
695,7284943359,SV309,2023-11-09
696,7289784559,SV309,2023-11-10
698,7333544954,SV309,2023-11-13
723,7355789348,SV309,2023-11-14
724,7359665635,SV309,2023-11-15
725,7374645659,SV309,2023-11-16
728,7382527757,SV309,2023-11-17
729,7385652594,SV309,2023-11-20
732,7394974639,SV309,2023-11-21
733,7398999864,SV309,2023-11-22
734,7443633663,SV309,2023-11-23
735,7455942793,SV309,2023-11-24
736,7474642593,SV309,2023-11-27
737,7495435566,SV309,2023-11-28
738,7498639945,SV309,2023-11-27
739,7538924378,SV309,2023-11-28
742,7544556675,SV309,2023-10-27
743,7564445558,SV309,2023-10-30
745,7597889782,SV309,2023-10-31
746,7622954398,SV309,2023-11-01
747,7649722698,SV309,2023-11-02
748,7657699865,SV309,2023-11-03
749,7674452873,SV309,2023-11-06
752,7743958234,SV309,2023-11-07
759,7745748349,SV309,2023-11-08
762,7856473625,SV309,2023-11-09
763,7859596622,QR136,2023-11-10
764,7865543828,QR136,2023-11-13
767,7874959338,QR136,2023-11-14
772,7877956685,QR136,2023-11-15
773,7882385826,QR136,2023-11-16
777,7898693973,QR136,2023-11-17
783,7925572649,QR136,2023-11-20
784,7928427255,QR136,2023-11-21
786,7938449237,QR136,2023-11-22
789,7963557344,QR136,2023-11-23
792,7972525723,QR136,2023-11-24
794,8236296445,QR136,2023-11-27
795,8257974242,QR136,2023-11-28
796,8276748874,QR136,2023-11-27
798,8289364723,QR136,2023-11-28
822,8337568349,EK927,2023-10-27
823,8356326975,EK927,2023-10-30
824,8373383536,EK927,2023-10-31
825,8378592957,EK927,2023-11-01
826,8385777542,EK927,2023-11-02
827,8392749539,EK927,2023-11-03
828,8397425549,EK927,2023-11-06
829,8426233273,EK927,2023-11-07
832,8427728396,EK927,2023-11-08
833,8453965547,EK927,2023-11-09
834,8465768625,EK927,2023-11-10
835,8485823926,EK927,2023-11-13
836,8498684353,EK927,2023-11-14
842,8499967662,EK927,2023-11-15
844,8534576862,EK927,2023-11-16
846,8543965662,RJ507,2023-11-17
847,8557467532,RJ507,2023-11-20
849,8562838423,RJ507,2023-11-21
852,8566389957,RJ507,2023-11-22
854,8569449778,RJ507,2023-11-23
855,8584279284,RJ507,2023-11-24
858,8589236328,RJ507,2023-11-27
863,8625755982,RJ507,2023-11-28
866,8625954384,RJ507,2023-11-28
867,8659457937,RJ507,2023-11-28
873,8663376366,RJ507,2023-10-27
875,8667237898,RJ507,2023-10-30
876,8726359889,RJ507,2023-10-31
878,8726539734,RJ507,2023-11-01
879,8764723848,RJ507,2023-11-02
882,8769484696,RJ507,2023-11-03
884,8797882569,RJ507,2023-11-06
885,8798285295,RJ507,2023-11-07
886,8824252456,RJ507,2023-11-08
892,8832425496,RJ507,2023-11-09
893,8837226689,RJ507,2023-11-10
896,8875792476,RJ507,2023-11-13
897,8895682696,RJ507,2023-11-14
899,8898922725,RJ507,2023-11-15
924,8922573725,RJ507,2023-11-16
926,8982939233,RJ507,2023-11-17
927,8995235559,RJ507,2023-11-20
928,9263877889,RJ507,2023-11-21
932,9287983554,RJ507,2023-11-22
933,9298967986,RJ507,2023-11-23
935,9299988394,QR136,2023-11-24
936,9359822569,QR136,2023-11-27
938,9363884363,QR136,2023-11-28
939,9373798487,QR136,2023-11-28
943,9445343764,QR136,2023-11-28
944,9494392345,QR136,2023-10-27
945,9536438959,QR136,2023-10-30
947,9574598882,QR136,2023-10-31
948,9593897367,QR136,2023-11-01
952,9598686938,QR136,2023-11-02
953,9626564853,QR136,2023-11-03
958,9669484292,QR136,2023-11-06
959,9678498353,QR136,2023-11-07
963,9689536646,QR136,2023-11-08
964,9699867725,QR136,2023-11-09
967,9736299695,EK927,2023-11-10
968,9778674879,EK927,2023-11-13
969,9796564853,EK927,2023-11-14
973,9799747243,EK927,2023-11-15
977,9828337723,EK927,2023-11-16
979,9837667655,EK927,2023-11-17
982,9853224725,EK927,2023-11-20
983,9868539744,EK927,2023-11-21
984,9875265545,EK927,2023-11-22
986,9876295338,EK927,2023-11-23
987,9925887863,EK927,2023-11-24
988,9969477946,EK927,2023-11-27
989,9969647298,EK927,2023-11-28
993,9988938899,EK927,2023-11-28
995,9989754775,EK927,2023-11-28
